Populacao,Individuo,Sphere,Rosenbrock,Rastrigin,Ackley
1,1,36.71796,36340.16875,90.55899,10.16033
1,2,84.22142,113427.41822,141.41932,13.05108
1,3,44.80133,78072.54039,80.31022,10.39130
1,4,46.41308,17564.34988,106.60492,11.02858
1,5,60.61874,77295.75917,69.27094,10.46424
1,6,20.74262,19116.76464,66.55611,8.32283
1,7,31.93440,22626.19107,111.48039,10.09973
1,8,29.76680,29046.90083,80.44472,9.45457
1,9,79.11700,114638.87739,100.88435,11.93299
1,10,36.26258,60664.53739,109.87479,10.42350
